{"cameraMode":{"drawMode":0,"name":"Shaded","section":"Shading Mode"},"sceneLighting":true,"audioPlay":false,"sceneViewState":{"showFog":true,"showMaterialUpdate":false,"showSkybox":true,"showFlares":true,"showImageEffects":true,"showParticleSystems":true},"in2DMode":false,"pivot":{"x":3.1667845249176027,"y":1.5322023630142213,"z":-6.237340450286865},"rotation":{"x":-0.02006498910486698,"y":0.9787781834602356,"z":-0.16631104052066804,"w":-0.11803058534860611},"size":11.439533233642579,"orthographic":false}