{"cameraMode":{"drawMode":0,"name":"Shaded","section":"Shading Mode"},"sceneLighting":true,"audioPlay":false,"sceneViewState":{"showFog":true,"showMaterialUpdate":false,"showSkybox":true,"showFlares":true,"showImageEffects":true,"showParticleSystems":true},"in2DMode":false,"pivot":{"x":-0.9193909764289856,"y":0.47855016589164736,"z":1.0963845252990723},"rotation":{"x":-0.45265135169029238,"y":0.5323542952537537,"z":-0.4121483266353607,"w":-0.5846703052520752},"size":11.259608268737793,"orthographic":false}